-- phpMyAdmin SQL Dump
-- version 5.2.0
-- https://www.phpmyadmin.net/
--
-- Хост: 127.0.0.1:3306
-- Время создания: Май 05 2024 г., 22:52
-- Версия сервера: 8.0.30
-- Версия PHP: 8.1.9

SET SQL_MODE = "NO_AUTO_VALUE_ON_ZERO";
START TRANSACTION;
SET time_zone = "+00:00";


/*!40101 SET @OLD_CHARACTER_SET_CLIENT=@@CHARACTER_SET_CLIENT */;
/*!40101 SET @OLD_CHARACTER_SET_RESULTS=@@CHARACTER_SET_RESULTS */;
/*!40101 SET @OLD_COLLATION_CONNECTION=@@COLLATION_CONNECTION */;
/*!40101 SET NAMES utf8mb4 */;

--
-- База данных: `jobwave_bd`
--

-- --------------------------------------------------------

--
-- Структура таблицы `applicants`
--

CREATE TABLE `applicants` (
  `id` int NOT NULL,
  `applicant_id` int DEFAULT NULL,
  `job_id` int DEFAULT NULL,
  `status` enum('рассматривается','принят','отклонен') DEFAULT NULL
) ENGINE=InnoDB DEFAULT CHARSET=utf8mb4 COLLATE=utf8mb4_0900_ai_ci;

-- --------------------------------------------------------

--
-- Структура таблицы `commute_preferences`
--

CREATE TABLE `commute_preferences` (
  `id` int NOT NULL,
  `user_id` int DEFAULT NULL,
  `citizenship_country` varchar(100) DEFAULT NULL,
  `work_permit_country` varchar(100) DEFAULT NULL,
  `commute_time_preference` enum('less_than_hour','about_hour','no_preference') DEFAULT NULL
) ENGINE=InnoDB DEFAULT CHARSET=utf8mb4 COLLATE=utf8mb4_0900_ai_ci;

-- --------------------------------------------------------

--
-- Структура таблицы `companies`
--

CREATE TABLE `companies` (
  `id` int NOT NULL,
  `name` varchar(100) DEFAULT NULL,
  `description` text,
  `industry` varchar(100) DEFAULT NULL,
  `company_size` enum('маленькая','средняя','большая') DEFAULT NULL,
  `logo` varchar(255) DEFAULT NULL,
  `city` varchar(100) DEFAULT NULL,
  `company_type` enum('Организация','Проект','Частное лицо','Самозанятый','Частный рекрутер','Кадровое агентство') CHARACTER SET utf8mb4 COLLATE utf8mb4_0900_ai_ci DEFAULT NULL,
  `email` varchar(255) DEFAULT NULL,
  `password` varchar(255) DEFAULT NULL,
  `updated_at` timestamp NULL DEFAULT CURRENT_TIMESTAMP ON UPDATE CURRENT_TIMESTAMP,
  `created_at` timestamp NULL DEFAULT CURRENT_TIMESTAMP,
  `subscription_level` enum('Бесплатный','Расширенный') CHARACTER SET utf8mb4 COLLATE utf8mb4_0900_ai_ci NOT NULL DEFAULT 'Бесплатный'
) ENGINE=InnoDB DEFAULT CHARSET=utf8mb4 COLLATE=utf8mb4_0900_ai_ci;

--
-- Дамп данных таблицы `companies`
--

INSERT INTO `companies` (`id`, `name`, `description`, `industry`, `company_size`, `logo`, `city`, `company_type`, `email`, `password`, `updated_at`, `created_at`, `subscription_level`) VALUES
(1, 'Компания 1', '1', '1', 'большая', 'logos/db4X3cwc7y9a4xcmgriVl11KdaIuwEVt0dnQxyPT.jpg', '12', 'Частный рекрутер', '1@mail.ru', '$2y$12$s5sDYwHsGWoccvb4C0AvYebqps74wv2iDv5nFQ8Bv3eIcYm840wNW', '2024-04-19 08:14:24', '2024-03-24 13:36:05', 'Бесплатный'),
(2, 'Компания 2', '2', '2', 'средняя', 'logos/SbnZEuoG8MpXcLDEA6I27wYxkAWFU60CM5AjoCax.jpg', '2', 'Частное лицо', '2@mail.ru', '$2y$12$M9HuccRjstcd008eBIOdm.5lXaij8H4Khb0uFafA2RSbIqWYKo456', '2024-04-19 08:14:29', '2024-03-24 16:00:50', 'Бесплатный'),
(3, 'RAZZ', 'Wazzup — продуктовая компания, мы разрабатываем b2b SaaS-решение: организовываем переписку между компаниями и их клиентами. Наш сервис помогает экономить время продавцов, контролировать отдел продаж и сокращать отвал клиентов.  Мы уже сейчас операционно прибыльная компания, не живем на деньги ангелов и инвесторов. Вопрос «Полетит стартап или не полетит?» не стоит. Он не только полетел, но и обогнал конкурентов, хотя мы запустились позже других компаний на рынке.', '123', 'средняя', 'logos/lQXReDgjhc9vBS6N6rXQMATi2dUTWmtWvJAKzvhb.jpg', 'Москва', 'Организация', '1111@mail.ru', '$2y$12$nrvJs/0F7zp2jE7SFXmuQuLGCAqHJ2bkpNttt8dTDlJmTzY46bf..', '2024-05-05 18:45:24', '2024-03-24 16:07:54', 'Расширенный'),
(4, 'Компания 4', '3', '3', 'маленькая', 'logos/Alb9wOcU9w0s7tkQLXXgQIpkr0qk7CM4a5xOZGt1.jpg', '3', 'Организация', '3@mail.ru', '$2y$12$AiqUj1FRWm1twM8cii1BVeMMB7SP5ImJv6XOtZsbiicUVngbmEw0W', '2024-04-19 08:14:34', '2024-03-24 16:26:29', 'Бесплатный'),
(7, 'Компания 52', 'пишем реп и чувствовуем, даем концерты', 'Треп аллигатор', 'маленькая', 'logos/default_logo.svg', 'Санкт-Петербург', 'Самозанятый', '52@mail.ru', '$2y$12$rjggNmTYI5cu9UF04gUT6uO3HpgSlTZhHrHwgv56d83EIUChIaQQG', '2024-04-19 08:14:43', '2024-04-11 08:28:36', 'Бесплатный'),
(8, 'Леруа Мерлен', 'Магазин строй-материалов', 'Продажи', 'большая', 'logos/default_logo.svg', 'Москва', 'Организация', '12@mail.ru', '$2y$12$l/9/hqtVdgBKsl/mnD8y3OBC0KLUyvliLObiWCnlVLxt.yRsFijC2', '2024-04-19 08:56:18', '2024-04-19 08:36:35', 'Бесплатный'),
(9, 'СБЕР', 'Сбер — это компания, которая предоставляет услуги в розничном и корпоративном банкинге.\n\nОсновные услуги:\n\n-различные виды кредитования, лизинга и финансирования;\n\n-документарные операции и депозитные услуги;\n\n-выпуск кредитных карт и предоставление банковских ячеек;\n\n-потребительские кредиты и зарплатные проекты;\n\n-управление активами;\n\n-брокерские услуги.\n\nВ рамках стратегии Сбера по его трансформации в технологическую компанию растёт доля небанковских услуг: электронная коммерция, такси, каршеринг, телеком, страхование, медицина и другие.', 'Банк', 'маленькая', 'logos/default_logo.svg', 'Москва', 'Организация', 'sber@mail.ru', '$2y$12$O.X3Irmo01UwiVWp6rOl9uVa2dVcfRU6kJAzQC38kFocTZSPrxvLa', '2024-04-19 09:05:08', '2024-04-19 08:51:39', 'Бесплатный');

-- --------------------------------------------------------

--
-- Структура таблицы `counts`
--

CREATE TABLE `counts` (
  `id` int NOT NULL,
  `company_count` int DEFAULT '0',
  `vacancy_count` int DEFAULT '0',
  `resume_count` int DEFAULT '0'
) ENGINE=InnoDB DEFAULT CHARSET=utf8mb4 COLLATE=utf8mb4_0900_ai_ci;

-- --------------------------------------------------------

--
-- Структура таблицы `driving_experience`
--

CREATE TABLE `driving_experience` (
  `id` int NOT NULL,
  `user_id` int DEFAULT NULL,
  `license_category` varchar(100) DEFAULT NULL,
  `experience_years` int DEFAULT NULL
) ENGINE=InnoDB DEFAULT CHARSET=utf8mb4 COLLATE=utf8mb4_0900_ai_ci;

-- --------------------------------------------------------

--
-- Структура таблицы `educations`
--

CREATE TABLE `educations` (
  `id` int NOT NULL,
  `resume_id` int DEFAULT NULL,
  `start_date` date DEFAULT NULL,
  `end_date` date DEFAULT NULL,
  `institution` varchar(255) DEFAULT NULL,
  `created_at` timestamp NULL DEFAULT CURRENT_TIMESTAMP,
  `updated_at` timestamp NULL DEFAULT CURRENT_TIMESTAMP ON UPDATE CURRENT_TIMESTAMP
) ENGINE=InnoDB DEFAULT CHARSET=utf8mb4 COLLATE=utf8mb4_0900_ai_ci;

--
-- Дамп данных таблицы `educations`
--

INSERT INTO `educations` (`id`, `resume_id`, `start_date`, `end_date`, `institution`, `created_at`, `updated_at`) VALUES
(4, 8, '2018-09-01', '2022-06-30', 'Институт Логистов', '2024-04-25 12:53:56', '2024-04-25 12:53:56'),
(5, 9, '2019-09-01', '2022-06-30', 'Институт Туризма', '2024-04-25 13:04:47', '2024-04-25 13:04:47'),
(6, 10, '2020-09-19', '2023-01-19', 'Колледж Автомойки', '2024-04-25 13:14:30', '2024-04-25 13:14:30'),
(7, 11, '2020-09-19', '2023-01-19', 'Колледж Автомойки', '2024-04-25 13:15:28', '2024-04-25 13:15:28'),
(8, 12, '2020-03-12', '2022-03-12', '123123', '2024-04-26 05:52:25', '2024-04-26 05:52:25'),
(9, 13, '2020-03-12', '2022-03-12', '123123', '2024-04-26 06:05:21', '2024-04-26 06:05:21'),
(10, 15, '0333-03-12', '0444-03-12', '123123', '2024-04-26 08:25:57', '2024-04-26 08:25:57'),
(11, 16, '0123-03-12', '0125-12-13', '123123', '2024-04-26 08:29:10', '2024-04-26 08:29:10'),
(12, 17, '0333-03-12', '0444-03-12', '123123123', '2024-04-26 08:41:38', '2024-04-26 08:41:38'),
(13, 18, '0455-03-12', '0466-04-12', '123123', '2024-04-26 08:50:01', '2024-04-26 08:50:01'),
(14, 19, '0333-03-12', '0444-03-12', '123123', '2024-04-26 08:57:55', '2024-04-26 08:57:55');

-- --------------------------------------------------------

--
-- Структура таблицы `employer_reviews`
--

CREATE TABLE `employer_reviews` (
  `id` int NOT NULL,
  `employer_id` int DEFAULT NULL,
  `applicant_id` int DEFAULT NULL,
  `review_text` text,
  `rating` decimal(10,0) DEFAULT NULL
) ENGINE=InnoDB DEFAULT CHARSET=utf8mb4 COLLATE=utf8mb4_0900_ai_ci;

-- --------------------------------------------------------

--
-- Структура таблицы `interview_invitations`
--

CREATE TABLE `interview_invitations` (
  `id` int NOT NULL,
  `job_id` int DEFAULT NULL,
  `applicant_id` int DEFAULT NULL,
  `invitation_text` text,
  `status` enum('отправлено','принято','отклонено') DEFAULT NULL
) ENGINE=InnoDB DEFAULT CHARSET=utf8mb4 COLLATE=utf8mb4_0900_ai_ci;

-- --------------------------------------------------------

--
-- Структура таблицы `jobs`
--

CREATE TABLE `jobs` (
  `id` int NOT NULL,
  `title` varchar(255) NOT NULL,
  `schedule` enum('Полный день','Сменный график','Удаленная работа','Гибкий график','Вахтовый метод') DEFAULT NULL,
  `income_level` enum('Не имеет значения','от 20 000₽','от 35 000₽','от 50 000₽','от 75 000₽','от 100 000₽') DEFAULT NULL,
  `education` enum('Не требуется или не указано','Высшее','Среднее профессиональное') DEFAULT NULL,
  `employment_type` enum('Полная занятость','Частичная занятость','Стажировка','Волонтерство') DEFAULT NULL,
  `description` text,
  `required_experience` enum('Не имеет значения','От 1 года до 3 лет','Нет опыта','От 3 до 6 лет','Более 6 лет') CHARACTER SET utf8mb4 COLLATE utf8mb4_0900_ai_ci NOT NULL DEFAULT 'Не имеет значения',
  `salary_from` decimal(10,2) DEFAULT NULL,
  `salary_to` decimal(10,2) DEFAULT NULL,
  `company_id` int DEFAULT NULL,
  `specialization_id` int DEFAULT NULL,
  `profession_id` int DEFAULT NULL,
  `created_at` timestamp NULL DEFAULT CURRENT_TIMESTAMP,
  `updated_at` timestamp NULL DEFAULT CURRENT_TIMESTAMP ON UPDATE CURRENT_TIMESTAMP,
  `status` enum('Активна','В архиве') NOT NULL DEFAULT 'Активна',
  `region_id` int DEFAULT NULL
) ENGINE=InnoDB DEFAULT CHARSET=utf8mb4 COLLATE=utf8mb4_0900_ai_ci;

--
-- Дамп данных таблицы `jobs`
--

INSERT INTO `jobs` (`id`, `title`, `schedule`, `income_level`, `education`, `employment_type`, `description`, `required_experience`, `salary_from`, `salary_to`, `company_id`, `specialization_id`, `profession_id`, `created_at`, `updated_at`, `status`, `region_id`) VALUES
(56, 'Гробовщик', 'Гибкий график', 'от 50 000₽', 'Не требуется или не указано', 'Полная занятость', 'ходить на стрелки', 'Более 6 лет', '50000.00', '80000.00', 3, 4, 12, '2024-04-08 06:45:26', '2024-05-05 16:22:27', 'Активна', 6),
(57, 'Продавец', 'Вахтовый метод', 'от 75 000₽', 'Высшее', 'Стажировка', 'Выполнение работ в складской зоне магазина: прием и отправка товара, перемещение между торговыми зонами, оформление складских документов в соответствии с правилами и процедурами компании. Выполнение работ в складской зоне магазина: прием и отправка товара, перемещение между торговыми зонами, оформление складских документов в соответствии с правилами и процедурами компании. Выполнение работ в складской зоне магазина: прием и отправка товара, перемещение между торговыми зонами, оформление складских документов в соответствии с правилами и процедурами компании.', 'От 1 года до 3 лет', '75000.00', '150000.00', 3, 4, 11, '2024-04-08 06:52:58', '2024-05-05 19:08:06', 'В архиве', 19),
(58, 'Автомеханик Отрадное', 'Полный день', 'от 50 000₽', 'Не требуется или не указано', 'Полная занятость', 'Выполнение работ в складской зоне магазина: прием и отправка товара, перемещение между торговыми зонами, оформление складских документов в соответствии с правилами и процедурами компании. Выполнение работ в складской зоне магазина: прием и отправка товара, перемещение между торговыми зонами, оформление складских документов в соответствии с правилами и процедурами компании. Выполнение работ в складской зоне магазина: прием и отправка товара, перемещение между торговыми зонами, оформление складских документов в соответствии с правилами и процедурами компании.', 'От 1 года до 3 лет', '50000.00', '80000.00', 3, 1, 1, '2024-04-08 08:40:53', '2024-05-05 16:25:34', 'Активна', 16),
(59, 'Водитель', 'Полный день', 'от 35 000₽', 'Не требуется или не указано', 'Полная занятость', '123123', 'От 1 года до 3 лет', '48000.00', '66000.00', 3, 1, 1, '2024-04-09 10:40:23', '2024-04-16 11:05:07', 'Активна', 1),
(61, 'Охранник', 'Полный день', 'от 100 000₽', 'Не требуется или не указано', 'Полная занятость', 'охранять и много не болтать!', 'Не имеет значения', '100000.00', '150000.00', 7, 1, 1, '2024-04-11 08:29:37', '2024-04-19 06:54:06', 'Активна', 2),
(62, 'Продюсер', 'Удаленная работа', 'от 35 000₽', 'Высшее', 'Полная занятость', 'Продюсировать перспективного артиста и получать деньги за это и не бухтеть', 'Нет опыта', '40000.00', '150000.00', 7, 3, 8, '2024-04-16 07:54:27', '2024-04-16 08:38:54', 'В архиве', 7),
(78, 'Гид-экскурсовод', 'Полный день', 'от 20 000₽', 'Высшее', 'Полная занятость', 'Требуется опыт работы в сфере туризма. Знание иностранных языков приветствуется.', 'От 1 года до 3 лет', '20000.00', '30000.00', 3, 5, 1, '2024-04-18 17:05:57', '2024-04-18 17:05:57', 'Активна', 1),
(79, 'Менеджер по туризму', 'Полный день', 'от 35 000₽', 'Высшее', 'Полная занятость', 'Опыт работы в туристической сфере приветствуется. Знание программ бронирования.', 'От 1 года до 3 лет', '35000.00', '45000.00', 3, 5, 3, '2024-04-18 17:05:57', '2024-04-18 17:05:57', 'Активна', 1),
(80, 'Продавец-консультант', 'Сменный график', 'от 20 000₽', 'Среднее профессиональное', 'Частичная занятость', 'Опыт работы в продажах. Хорошие коммуникативные навыки.', 'От 1 года до 3 лет', '20000.00', '25000.00', 3, 6, 7, '2024-04-18 17:05:57', '2024-04-18 17:05:57', 'Активна', 2),
(81, 'Менеджер по продажам', 'Полный день', 'от 35 000₽', 'Высшее', 'Полная занятость', 'Опыт работы в продажах. Знание методов продаж.', 'От 1 года до 3 лет', '35000.00', '40000.00', 3, 6, 6, '2024-04-18 17:05:57', '2024-04-18 17:05:57', 'Активна', 2),
(82, 'Учитель начальных классов', 'Полный день', 'от 35 000₽', 'Высшее', 'Полная занятость', 'Опыт работы в образовательной сфере. Знание методик обучения.', 'От 3 до 6 лет', '35000.00', '50000.00', 3, 7, 8, '2024-04-18 17:05:57', '2024-04-18 17:05:57', 'Активна', 3),
(83, 'Преподаватель английского языка', 'Полный день', 'от 50 000₽', 'Высшее', 'Полная занятость', 'Опыт преподавания английского языка. Знание современных методик обучения.', 'От 3 до 6 лет', '50000.00', '70000.00', 3, 7, 9, '2024-04-18 17:05:57', '2024-04-18 17:05:57', 'Активна', 3),
(84, 'Менеджер по туризму', 'Полный день', 'от 35 000₽', 'Высшее', 'Полная занятость', 'Опыт работы в туристической сфере приветствуется. Знание программ бронирования.', 'От 1 года до 3 лет', '35000.00', '45000.00', 3, 5, 3, '2024-04-18 17:05:57', '2024-04-18 17:05:57', 'Активна', 1),
(85, 'Продавец-консультант', 'Сменный график', 'от 20 000₽', 'Среднее профессиональное', 'Частичная занятость', 'Опыт работы в продажах. Хорошие коммуникативные навыки.', 'От 1 года до 3 лет', '20000.00', '25000.00', 3, 6, 7, '2024-04-18 17:05:57', '2024-04-18 17:05:57', 'Активна', 2),
(86, 'Менеджер по продажам', 'Полный день', 'от 35 000₽', 'Высшее', 'Полная занятость', 'Опыт работы в продажах. Знание методов продаж.', 'От 1 года до 3 лет', '35000.00', '40000.00', 3, 6, 6, '2024-04-18 17:05:57', '2024-04-18 17:05:57', 'Активна', 2),
(87, 'Учитель начальных классов', 'Полный день', 'от 35 000₽', 'Высшее', 'Полная занятость', 'Опыт работы в образовательной сфере. Знание методик обучения.', 'От 3 до 6 лет', '35000.00', '50000.00', 3, 7, 8, '2024-04-18 17:05:57', '2024-04-18 17:05:57', 'Активна', 3),
(88, 'Преподаватель английского языка', 'Полный день', 'от 50 000₽', 'Высшее', 'Полная занятость', 'Опыт преподавания английского языка. Знание современных методик обучения.', 'От 3 до 6 лет', '50000.00', '70000.00', 3, 7, 9, '2024-04-18 17:05:57', '2024-04-18 17:05:57', 'Активна', 3),
(89, 'Гид-экскурсовод', 'Полный день', 'от 20 000₽', 'Высшее', 'Полная занятость', 'Требуется опыт работы в сфере туризма. Знание иностранных языков приветствуется.', 'От 1 года до 3 лет', '20000.00', '30000.00', 3, 5, 1, '2024-04-18 17:05:57', '2024-04-18 17:05:57', 'Активна', 1),
(90, 'Тур-агент', 'Полный день', 'от 35 000₽', 'Высшее', 'Полная занятость', 'Опыт работы в туристической сфере приветствуется. Знание программ бронирования.', 'От 1 года до 3 лет', '35000.00', '45000.00', 3, 5, 2, '2024-04-18 17:05:57', '2024-04-18 17:05:57', 'Активна', 1),
(91, 'Менеджер по туризму', 'Полный день', 'от 35 000₽', 'Высшее', 'Полная занятость', 'Опыт работы в туристической сфере приветствуется. Знание программ бронирования.', 'От 1 года до 3 лет', '35000.00', '45000.00', 3, 5, 3, '2024-04-18 17:05:57', '2024-04-18 17:05:57', 'Активна', 1),
(92, 'Продавец-консультант', 'Сменный график', 'от 20 000₽', 'Среднее профессиональное', 'Частичная занятость', 'Опыт работы в продажах. Хорошие коммуникативные навыки.', 'От 1 года до 3 лет', '20000.00', '25000.00', 3, 6, 7, '2024-04-18 17:05:57', '2024-04-18 17:05:57', 'Активна', 2),
(93, 'Менеджер по продажам', 'Полный день', 'от 35 000₽', 'Высшее', 'Полная занятость', 'Опыт работы в продажах. Знание методов продаж.', 'От 1 года до 3 лет', '35000.00', '40000.00', 3, 6, 6, '2024-04-18 17:05:57', '2024-04-18 17:05:57', 'Активна', 2),
(110, 'Логист', 'Полный день', 'от 50 000₽', 'Высшее', 'Полная занятость', 'Опыт работы в логистике. Знание программ для управления складом.', 'От 3 до 6 лет', '50000.00', '60000.00', 3, 8, 9, '2024-04-18 17:11:39', '2024-04-26 10:23:07', 'Активна', 1),
(111, 'Специалист по снабжению', 'Сменный график', 'от 35 000₽', 'Высшее', 'Частичная занятость', 'Опыт работы в снабжении. Навыки взаимодействия с поставщиками.', 'От 1 года до 3 лет', '35000.00', '45000.00', 3, 8, 10, '2024-04-18 17:11:39', '2024-04-18 17:11:39', 'Активна', 2),
(112, 'Финансовый аналитик', 'Полный день', 'от 50 000₽', 'Высшее', 'Полная занятость', 'Опыт работы в финансах и анализе данных. Знание финансовых инструментов.', 'От 3 до 6 лет', '60000.00', '80000.00', 3, 9, 11, '2024-04-18 17:11:39', '2024-04-18 17:11:39', 'Активна', 3),
(113, 'Бухгалтер', 'Полный день', 'от 35 000₽', 'Высшее', 'Полная занятость', 'Опыт работы в бухгалтерии. Знание законодательства в области налогообложения.', 'От 3 до 6 лет', '40000.00', '50000.00', 3, 9, 12, '2024-04-18 17:11:39', '2024-04-18 17:11:39', 'Активна', 4),
(114, 'Продавец в магазин \"Леруа Мерлен\"', 'Полный день', 'от 35 000₽', 'Не требуется или не указано', 'Частичная занятость', 'Продавец в магазин \"Леруа Мерлен\"', 'Нет опыта', '40000.00', '65000.00', 8, 6, 19, '2024-04-19 08:39:05', '2024-04-19 08:39:05', 'Активна', 1),
(115, 'Сборщик-заказов СБЕРМАРКЕТ', 'Полный день', 'от 35 000₽', 'Не требуется или не указано', 'Частичная занятость', 'Собирать заказы.', 'Не имеет значения', '37000.00', '69000.00', 9, 6, 19, '2024-04-19 08:53:44', '2024-04-19 08:53:44', 'Активна', 1);

-- --------------------------------------------------------

--
-- Структура таблицы `job_offers`
--

CREATE TABLE `job_offers` (
  `id` int NOT NULL,
  `job_id` int DEFAULT NULL,
  `applicant_id` int DEFAULT NULL,
  `offer_text` text,
  `status` enum('отправлено','принято','отклонено') DEFAULT NULL
) ENGINE=InnoDB DEFAULT CHARSET=utf8mb4 COLLATE=utf8mb4_0900_ai_ci;

-- --------------------------------------------------------

--
-- Структура таблицы `job_recommendations`
--

CREATE TABLE `job_recommendations` (
  `id` int NOT NULL,
  `job_id` int DEFAULT NULL,
  `applicant_id` int DEFAULT NULL,
  `recommendation_text` text
) ENGINE=InnoDB DEFAULT CHARSET=utf8mb4 COLLATE=utf8mb4_0900_ai_ci;

-- --------------------------------------------------------

--
-- Структура таблицы `job_skills`
--

CREATE TABLE `job_skills` (
  `id` int NOT NULL,
  `job_id` int NOT NULL,
  `skill_id` int NOT NULL,
  `created_at` timestamp NULL DEFAULT CURRENT_TIMESTAMP,
  `updated_at` timestamp NULL DEFAULT CURRENT_TIMESTAMP ON UPDATE CURRENT_TIMESTAMP
) ENGINE=InnoDB DEFAULT CHARSET=utf8mb4 COLLATE=utf8mb4_0900_ai_ci;

--
-- Дамп данных таблицы `job_skills`
--

INSERT INTO `job_skills` (`id`, `job_id`, `skill_id`, `created_at`, `updated_at`) VALUES
(25, 56, 1, '2024-04-08 06:45:26', '2024-04-08 06:45:26'),
(26, 57, 18, '2024-04-08 06:52:58', '2024-04-08 06:52:58'),
(27, 58, 4, '2024-04-08 08:40:53', '2024-04-08 08:40:53'),
(28, 59, 45, '2024-04-09 10:40:23', '2024-04-09 10:40:23'),
(30, 61, 1, '2024-04-11 08:29:37', '2024-04-11 08:29:37'),
(31, 62, 1, '2024-04-16 07:54:27', '2024-04-16 07:54:27'),
(32, 114, 45, '2024-04-19 08:39:05', '2024-04-19 08:39:05'),
(33, 115, 8, '2024-04-19 08:53:44', '2024-04-19 08:53:44'),
(34, 115, 28, '2024-04-19 08:53:44', '2024-04-19 08:53:44');

-- --------------------------------------------------------

--
-- Структура таблицы `languages`
--

CREATE TABLE `languages` (
  `id` int NOT NULL,
  `name` varchar(100) DEFAULT NULL
) ENGINE=InnoDB DEFAULT CHARSET=utf8mb4 COLLATE=utf8mb4_0900_ai_ci;

--
-- Дамп данных таблицы `languages`
--

INSERT INTO `languages` (`id`, `name`) VALUES
(1, 'Английский'),
(2, 'Испанский'),
(3, 'Французский'),
(4, 'Немецкий'),
(5, 'Китайский'),
(6, 'Русский'),
(7, 'Японский'),
(8, 'Арабский'),
(9, 'Португальский'),
(10, 'Итальянский');

-- --------------------------------------------------------

--
-- Структура таблицы `migrations`
--

CREATE TABLE `migrations` (
  `id` int UNSIGNED NOT NULL,
  `migration` varchar(255) CHARACTER SET utf8mb4 COLLATE utf8mb4_unicode_ci NOT NULL,
  `batch` int NOT NULL
) ENGINE=InnoDB DEFAULT CHARSET=utf8mb4 COLLATE=utf8mb4_unicode_ci;

--
-- Дамп данных таблицы `migrations`
--

INSERT INTO `migrations` (`id`, `migration`, `batch`) VALUES
(1, '2019_12_14_000001_create_personal_access_tokens_table', 1);

-- --------------------------------------------------------

--
-- Структура таблицы `personal_access_tokens`
--

CREATE TABLE `personal_access_tokens` (
  `id` bigint UNSIGNED NOT NULL,
  `tokenable_type` varchar(255) CHARACTER SET utf8mb4 COLLATE utf8mb4_unicode_ci NOT NULL,
  `tokenable_id` bigint UNSIGNED NOT NULL,
  `name` varchar(255) CHARACTER SET utf8mb4 COLLATE utf8mb4_unicode_ci NOT NULL,
  `token` varchar(64) CHARACTER SET utf8mb4 COLLATE utf8mb4_unicode_ci NOT NULL,
  `abilities` text CHARACTER SET utf8mb4 COLLATE utf8mb4_unicode_ci,
  `last_used_at` timestamp NULL DEFAULT NULL,
  `expires_at` timestamp NULL DEFAULT NULL,
  `created_at` timestamp NULL DEFAULT NULL,
  `updated_at` timestamp NULL DEFAULT NULL
) ENGINE=InnoDB DEFAULT CHARSET=utf8mb4 COLLATE=utf8mb4_unicode_ci;

-- --------------------------------------------------------

--
-- Структура таблицы `professions`
--

CREATE TABLE `professions` (
  `id` int NOT NULL,
  `specialization_id` int DEFAULT NULL,
  `name` varchar(100) DEFAULT NULL
) ENGINE=InnoDB DEFAULT CHARSET=utf8mb4 COLLATE=utf8mb4_0900_ai_ci;

--
-- Дамп данных таблицы `professions`
--

INSERT INTO `professions` (`id`, `specialization_id`, `name`) VALUES
(1, 1, 'Автомойщик'),
(2, 1, 'Автослесарь'),
(3, 1, 'Мастер-приемщик'),
(4, 1, 'Менеджер по продажам'),
(5, 2, 'Программист'),
(6, 2, 'Тестировщик ПО'),
(7, 2, 'Системный администратор'),
(8, 3, 'Врач'),
(9, 3, 'Медицинская сестра'),
(10, 3, 'Фармацевт'),
(11, 4, 'Строитель'),
(12, 4, 'Архитектор'),
(13, 4, 'Инженер-строитель'),
(14, 5, 'Гид-экскурсовод'),
(15, 5, 'Тур-агент'),
(16, 5, 'Менеджер по туризму'),
(17, 6, 'Менеджер по продажам'),
(18, 6, 'Маркетолог'),
(19, 6, 'Продавец-консультант'),
(20, 7, 'Учитель начальных классов'),
(21, 7, 'Преподаватель английского языка'),
(22, 7, 'Логопед'),
(23, 8, 'Логист'),
(24, 8, 'Специалист по снабжению'),
(25, 9, 'Финансовый аналитик'),
(26, 9, 'Бухгалтер');

-- --------------------------------------------------------

--
-- Структура таблицы `regions`
--

CREATE TABLE `regions` (
  `id` int NOT NULL,
  `name` varchar(255) NOT NULL
) ENGINE=InnoDB DEFAULT CHARSET=utf8mb4 COLLATE=utf8mb4_0900_ai_ci;

--
-- Дамп данных таблицы `regions`
--

INSERT INTO `regions` (`id`, `name`) VALUES
(1, 'Москва'),
(2, 'Санкт-Петербург'),
(3, 'Новосибирск'),
(4, 'Екатеринбург'),
(5, 'Нижний Новгород'),
(6, 'Казань'),
(7, 'Челябинск'),
(8, 'Омск'),
(9, 'Самара'),
(10, 'Ростов-на-Дону'),
(11, 'Уфа'),
(12, 'Красноярск'),
(13, 'Пермь'),
(14, 'Воронеж'),
(15, 'Волгоград'),
(16, 'Краснодар'),
(17, 'Саратов'),
(18, 'Тюмень'),
(19, 'Тольятти'),
(20, 'Ижевск');

-- --------------------------------------------------------

--
-- Структура таблицы `responses`
--

CREATE TABLE `responses` (
  `id` int NOT NULL,
  `user_id` int DEFAULT NULL,
  `job_id` int DEFAULT NULL,
  `resume_id` int DEFAULT NULL,
  `status` enum('Принят','Отклонен','В ожидании') CHARACTER SET utf8mb4 COLLATE utf8mb4_0900_ai_ci DEFAULT 'В ожидании',
  `created_at` timestamp NULL DEFAULT CURRENT_TIMESTAMP,
  `updated_at` timestamp NULL DEFAULT CURRENT_TIMESTAMP ON UPDATE CURRENT_TIMESTAMP
) ENGINE=InnoDB DEFAULT CHARSET=utf8mb4 COLLATE=utf8mb4_0900_ai_ci;

--
-- Дамп данных таблицы `responses`
--

INSERT INTO `responses` (`id`, `user_id`, `job_id`, `resume_id`, `status`, `created_at`, `updated_at`) VALUES
(4, 13, 57, 20, 'В ожидании', '2024-04-29 18:05:12', '2024-05-05 16:42:55'),
(5, 13, 57, 29, 'Принят', '2024-04-29 18:05:34', '2024-04-30 19:07:32');

-- --------------------------------------------------------

--
-- Структура таблицы `resumes`
--

CREATE TABLE `resumes` (
  `id` int NOT NULL,
  `user_id` int DEFAULT NULL,
  `job_title` varchar(100) CHARACTER SET utf8mb4 COLLATE utf8mb4_0900_ai_ci DEFAULT NULL,
  `photo_path` varchar(255) CHARACTER SET utf8mb4 COLLATE utf8mb4_0900_ai_ci DEFAULT NULL,
  `willing_to_relocate` enum('готов к переезду','не готов к переезду') CHARACTER SET utf8mb4 COLLATE utf8mb4_0900_ai_ci DEFAULT NULL,
  `willing_to_travel` enum('готов к командировкам','не готов к командировкам') CHARACTER SET utf8mb4 COLLATE utf8mb4_0900_ai_ci DEFAULT NULL,
  `employment_type` set('Полная занятость','Частичная занятость','Стажировка') CHARACTER SET utf8mb4 COLLATE utf8mb4_0900_ai_ci DEFAULT NULL,
  `work_schedule` set('Полный день','Сменный график','Удаленная работа','Гибкий график','Вахтовый метод') CHARACTER SET utf8mb4 COLLATE utf8mb4_0900_ai_ci DEFAULT NULL,
  `specialization_id` int DEFAULT NULL,
  `profession_id` int DEFAULT NULL,
  `desired_salary_min` decimal(10,2) DEFAULT NULL,
  `desired_salary_max` decimal(10,2) DEFAULT NULL,
  `about_me` text,
  `citizenship` varchar(100) DEFAULT NULL,
  `commute_time` enum('менее часа','около часа','не имеет значения') CHARACTER SET utf8mb4 COLLATE utf8mb4_0900_ai_ci DEFAULT NULL,
  `created_at` timestamp NULL DEFAULT CURRENT_TIMESTAMP,
  `updated_at` timestamp NULL DEFAULT CURRENT_TIMESTAMP ON UPDATE CURRENT_TIMESTAMP,
  `views` int DEFAULT '0',
  `invitations_count` int DEFAULT '0'
) ENGINE=InnoDB DEFAULT CHARSET=utf8mb4 COLLATE=utf8mb4_0900_ai_ci;

--
-- Дамп данных таблицы `resumes`
--

INSERT INTO `resumes` (`id`, `user_id`, `job_title`, `photo_path`, `willing_to_relocate`, `willing_to_travel`, `employment_type`, `work_schedule`, `specialization_id`, `profession_id`, `desired_salary_min`, `desired_salary_max`, `about_me`, `citizenship`, `commute_time`, `created_at`, `updated_at`, `views`, `invitations_count`) VALUES
(8, 11, 'Логист', NULL, 'готов к переезду', 'готов к командировкам', 'Полная занятость,Частичная занятость,Стажировка', 'Полный день,Удаленная работа,Гибкий график', 8, 23, '40000.00', '50000.00', 'я логист я горжусь этим', 'РФ', 'менее часа', '2024-04-25 12:53:56', '2024-04-25 12:53:56', 0, 0),
(9, 11, 'Экскурсовод', NULL, 'готов к переезду', 'готов к командировкам', 'Полная занятость', 'Полный день', 5, 14, '35000.00', '45000.00', 'обожаю географию', 'РФ', 'менее часа', '2024-04-25 13:04:47', '2024-04-25 13:04:47', 0, 0),
(10, 11, 'Автомойщик', NULL, 'готов к переезду', 'готов к командировкам', 'Полная занятость', 'Полный день', 1, 1, '70000.00', '75000.00', 'Люблю мыть', 'РФ', 'около часа', '2024-04-25 13:14:30', '2024-04-25 13:14:30', 0, 0),
(11, 11, 'Автомойщик 2', NULL, 'готов к переезду', 'готов к командировкам', 'Полная занятость', 'Полный день', 1, 1, '70000.00', '75000.00', 'Люблю мыть', 'РФ', 'около часа', '2024-04-25 13:15:28', '2024-04-25 13:15:28', 0, 0),
(12, 11, '123123', NULL, 'готов к переезду', 'готов к командировкам', 'Полная занятость', 'Полный день', 2, 5, '55000.00', '100000.00', '123123', '123123', 'около часа', '2024-04-26 05:52:25', '2024-04-26 05:52:25', 0, 0),
(13, 11, '123123', NULL, 'готов к переезду', 'готов к командировкам', 'Полная занятость', 'Полный день', 1, 1, '55000.00', '100000.00', '123123', '123123', 'около часа', '2024-04-26 06:05:21', '2024-04-26 06:05:21', 0, 0),
(14, 11, '123123', NULL, 'готов к переезду', 'готов к командировкам', 'Полная занятость', 'Полный день', 4, 11, '30000.00', '50000.00', '123123', 'РФ', 'не имеет значения', '2024-04-26 08:24:18', '2024-04-26 08:24:18', 0, 0),
(15, 11, '123123', NULL, 'готов к переезду', 'готов к командировкам', 'Полная занятость', 'Полный день', 4, 11, '30000.00', '50000.00', '123123', 'РФ', 'не имеет значения', '2024-04-26 08:25:57', '2024-04-26 08:25:57', 0, 0),
(16, 11, '123123', NULL, 'готов к переезду', 'готов к командировкам', 'Полная занятость,Стажировка', 'Удаленная работа', 2, 5, '40000.00', '50000.00', '123123123', '123123123', 'не имеет значения', '2024-04-26 08:29:10', '2024-04-26 08:29:10', 0, 0),
(17, 11, '123123', NULL, 'готов к переезду', 'готов к командировкам', 'Частичная занятость', 'Удаленная работа', 7, 22, '43000.00', '66000.00', '123123', 'РФ', 'около часа', '2024-04-26 08:41:38', '2024-04-26 08:41:38', 0, 0),
(18, 11, '4532423', NULL, 'не готов к переезду', 'не готов к командировкам', 'Полная занятость', 'Гибкий график', 1, 4, '34000.00', '56000.00', '123312', '123132', 'менее часа', '2024-04-26 08:50:01', '2024-04-26 08:50:01', 0, 0),
(19, 11, '123132123', NULL, 'готов к переезду', 'готов к командировкам', 'Частичная занятость', 'Полный день', 2, 6, '40000.00', '75000.00', '34535345345', 'РФ', 'не имеет значения', '2024-04-26 08:57:55', '2024-04-26 08:57:55', 0, 0),
(20, 13, 'Врач-терапевт', 'default_user.png', 'не готов к переезду', 'не готов к командировкам', 'Полная занятость,Частичная занятость', 'Полный день,Гибкий график', 3, 8, '45000.00', '70000.00', 'Я обожаю медицину и не представляю свою жизнь, будучи не врачом.', 'РФ', 'не имеет значения', '2024-04-27 09:30:43', '2024-05-05 17:00:38', 1, 0),
(29, 13, 'Менеджер', 'default_user.png', 'готов к переезду', 'готов к командировкам', 'Полная занятость', 'Полный день', 6, 17, '55000.00', '100000.00', '123123', 'РФ', 'менее часа', '2024-04-27 13:50:20', '2024-04-30 19:07:32', 2, 1);

-- --------------------------------------------------------

--
-- Структура таблицы `resumes_skills`
--

CREATE TABLE `resumes_skills` (
  `id` int NOT NULL,
  `resume_id` int DEFAULT NULL,
  `skill_id` int DEFAULT NULL,
  `created_at` timestamp NULL DEFAULT CURRENT_TIMESTAMP,
  `updated_at` timestamp NULL DEFAULT CURRENT_TIMESTAMP ON UPDATE CURRENT_TIMESTAMP
) ENGINE=InnoDB DEFAULT CHARSET=utf8mb4 COLLATE=utf8mb4_0900_ai_ci;

--
-- Дамп данных таблицы `resumes_skills`
--

INSERT INTO `resumes_skills` (`id`, `resume_id`, `skill_id`, `created_at`, `updated_at`) VALUES
(6, 17, 107, '2024-04-26 08:41:38', '2024-04-26 08:41:38'),
(7, 17, 6, '2024-04-26 08:41:38', '2024-04-26 08:41:38'),
(8, 17, 2, '2024-04-26 08:41:38', '2024-04-26 08:41:38'),
(9, 17, 47, '2024-04-26 08:41:38', '2024-04-26 08:41:38'),
(10, 18, 107, '2024-04-26 08:50:01', '2024-04-26 08:50:01'),
(11, 18, 107, '2024-04-26 08:50:01', '2024-04-26 08:50:01'),
(12, 18, 112, '2024-04-26 08:50:01', '2024-04-26 08:50:01'),
(13, 19, 107, '2024-04-26 08:57:55', '2024-04-26 08:57:55'),
(14, 19, 112, '2024-04-26 08:57:55', '2024-04-26 08:57:55'),
(15, 19, 2, '2024-04-26 08:57:55', '2024-04-26 08:57:55'),
(16, 19, 17, '2024-04-26 08:57:55', '2024-04-26 08:57:55'),
(17, 19, 98, '2024-04-26 08:57:55', '2024-04-26 08:57:55'),
(18, 19, 4, '2024-04-26 08:57:55', '2024-04-26 08:57:55'),
(19, 19, 6, '2024-04-26 08:57:55', '2024-04-26 08:57:55'),
(20, 19, 24, '2024-04-26 08:57:55', '2024-04-26 08:57:55'),
(32, 29, 107, '2024-04-27 13:50:20', '2024-04-27 13:50:20'),
(33, 29, 2, '2024-04-27 13:50:20', '2024-04-27 13:50:20'),
(34, 29, 4, '2024-04-27 13:50:20', '2024-04-27 13:50:20'),
(35, 29, 6, '2024-04-27 13:50:20', '2024-04-27 13:50:20'),
(36, 29, 17, '2024-04-27 13:50:20', '2024-04-27 13:50:20'),
(37, 29, 24, '2024-04-27 13:50:20', '2024-04-27 13:50:20'),
(38, 29, 28, '2024-04-27 13:50:20', '2024-04-27 13:50:20'),
(39, 29, 42, '2024-04-27 13:50:20', '2024-04-27 13:50:20'),
(40, 29, 45, '2024-04-27 13:50:20', '2024-04-27 13:50:20'),
(41, 29, 47, '2024-04-27 13:50:20', '2024-04-27 13:50:20'),
(42, 29, 50, '2024-04-27 13:50:20', '2024-04-27 13:50:20'),
(43, 29, 97, '2024-04-27 13:50:20', '2024-04-27 13:50:20'),
(44, 29, 98, '2024-04-27 13:50:20', '2024-04-27 13:50:20'),
(45, 29, 99, '2024-04-27 13:50:20', '2024-04-27 13:50:20'),
(46, 29, 100, '2024-04-27 13:50:20', '2024-04-27 13:50:20');

-- --------------------------------------------------------

--
-- Структура таблицы `resume_languages`
--

CREATE TABLE `resume_languages` (
  `id` int NOT NULL,
  `resume_id` int DEFAULT NULL,
  `language_id` int DEFAULT NULL
) ENGINE=InnoDB DEFAULT CHARSET=utf8mb4 COLLATE=utf8mb4_0900_ai_ci;

--
-- Дамп данных таблицы `resume_languages`
--

INSERT INTO `resume_languages` (`id`, `resume_id`, `language_id`) VALUES
(1, NULL, 6),
(10, NULL, 6),
(11, NULL, 6),
(12, NULL, 6),
(13, NULL, 6),
(14, NULL, 6),
(15, NULL, 6),
(16, NULL, 6),
(17, NULL, 6),
(18, NULL, 6),
(19, NULL, 1),
(20, NULL, 6),
(21, NULL, 6),
(22, NULL, 6),
(23, NULL, 6),
(24, NULL, 2),
(25, NULL, 2),
(26, NULL, 6),
(27, NULL, 6),
(28, 18, 2),
(29, 18, 6),
(30, 18, 1),
(31, 19, 6),
(32, 19, 9),
(33, 19, 2),
(34, 19, 1),
(45, 29, 6);

-- --------------------------------------------------------

--
-- Структура таблицы `reviews`
--

CREATE TABLE `reviews` (
  `id` int NOT NULL,
  `company_id` int DEFAULT NULL,
  `employee_profession` varchar(255) DEFAULT NULL,
  `stars` tinyint UNSIGNED DEFAULT NULL,
  `description` text,
  `created_at` timestamp NULL DEFAULT CURRENT_TIMESTAMP,
  `updated_at` timestamp NULL DEFAULT CURRENT_TIMESTAMP ON UPDATE CURRENT_TIMESTAMP
) ENGINE=InnoDB DEFAULT CHARSET=utf8mb4 COLLATE=utf8mb4_0900_ai_ci;

--
-- Дамп данных таблицы `reviews`
--

INSERT INTO `reviews` (`id`, `company_id`, `employee_profession`, `stars`, `description`, `created_at`, `updated_at`) VALUES
(1, 3, 'секретарь', 3, 'Прежде всего нравится дружный и весёлый коллектив, можно общаться не только по рабочим моментам, но также и обсудить котиков или пошутить. Также устраивает график работы, уровень дохода и другие плюшки (компенсация психотерапевта, лечения, профессионального обучения).', '2024-04-11 10:58:27', '2024-04-11 10:58:27'),
(3, 7, 'жара жара', 3, 'пойдет', '2024-04-15 09:54:47', '2024-04-15 09:54:47'),
(4, 7, 'Секретарь', 3, 'Прежде всего нравится дружный и весёлый коллектив, можно общаться не только по рабочим моментам, но также и обсудить котиков или пошутить. Также устраивает график работы, уровень дохода и другие плюшки (компенсация психотерапевта, лечения, профессионального обучения).', '2024-04-15 10:05:11', '2024-04-15 10:05:11'),
(5, 3, 'Водитель', 1, 'пушка матизы летаем', '2024-04-16 07:29:47', '2024-04-16 07:29:47');

-- --------------------------------------------------------

--
-- Структура таблицы `skills`
--

CREATE TABLE `skills` (
  `id` int NOT NULL,
  `name` varchar(255) NOT NULL,
  `created_at` timestamp NULL DEFAULT CURRENT_TIMESTAMP,
  `updated_at` timestamp NULL DEFAULT CURRENT_TIMESTAMP ON UPDATE CURRENT_TIMESTAMP
) ENGINE=InnoDB DEFAULT CHARSET=utf8mb4 COLLATE=utf8mb4_0900_ai_ci;

--
-- Дамп данных таблицы `skills`
--

INSERT INTO `skills` (`id`, `name`, `created_at`, `updated_at`) VALUES
(1, 'Коммуникабельность', '2024-03-31 09:10:25', '2024-03-31 09:10:25'),
(2, 'Умение работать в команде', '2024-03-31 09:10:25', '2024-03-31 09:10:25'),
(3, 'Организаторские способности', '2024-03-31 09:10:25', '2024-03-31 09:10:25'),
(4, 'Умение работать под давлением', '2024-03-31 09:10:25', '2024-03-31 09:10:25'),
(5, 'Аналитическое мышление', '2024-03-31 09:10:25', '2024-03-31 09:10:25'),
(6, 'Умение принимать решения', '2024-03-31 09:10:25', '2024-03-31 09:10:25'),
(7, 'Творческое мышление', '2024-03-31 09:10:25', '2024-03-31 09:10:25'),
(8, 'Стрессоустойчивость', '2024-03-31 09:10:25', '2024-03-31 09:10:25'),
(9, 'Лидерские качества', '2024-03-31 09:10:25', '2024-03-31 09:10:25'),
(10, 'Управление временем', '2024-03-31 09:10:25', '2024-03-31 09:10:25'),
(11, 'Креативность', '2024-03-31 09:10:25', '2024-03-31 09:10:25'),
(12, 'Проблемное мышление', '2024-03-31 09:10:25', '2024-03-31 09:10:25'),
(13, 'Ориентация на результат', '2024-03-31 09:10:25', '2024-03-31 09:10:25'),
(14, 'Обучаемость', '2024-03-31 09:10:25', '2024-03-31 09:10:25'),
(15, 'Ответственность', '2024-03-31 09:10:25', '2024-03-31 09:10:25'),
(16, 'Инициативность', '2024-03-31 09:10:25', '2024-03-31 09:10:25'),
(17, 'Умение слушать', '2024-03-31 09:10:25', '2024-03-31 09:10:25'),
(18, 'Грамотная устная и письменная речь', '2024-03-31 09:10:25', '2024-03-31 09:10:25'),
(19, 'Владение иностранными языками', '2024-03-31 09:10:25', '2024-03-31 09:10:25'),
(20, 'Владение компьютером и офисной техникой', '2024-03-31 09:10:25', '2024-03-31 09:10:25'),
(21, 'Внимательность к деталям', '2024-03-31 09:10:25', '2024-03-31 09:10:25'),
(22, 'Вежливость и уважение к клиентам', '2024-03-31 09:10:25', '2024-03-31 09:10:25'),
(23, 'Опыт ведения переговоров', '2024-03-31 09:10:25', '2024-03-31 09:10:25'),
(24, 'Умение находить общий язык', '2024-03-31 09:10:25', '2024-03-31 09:10:25'),
(25, 'Самоменеджмент', '2024-03-31 09:10:25', '2024-03-31 09:10:25'),
(26, 'Адаптивность', '2024-03-31 09:10:25', '2024-03-31 09:10:25'),
(27, 'Гибкость мышления', '2024-03-31 09:10:25', '2024-03-31 09:10:25'),
(28, 'Умение работать в многозадачном режиме', '2024-03-31 09:10:25', '2024-03-31 09:10:25'),
(29, 'Трудолюбие', '2024-03-31 09:10:25', '2024-03-31 09:10:25'),
(30, 'Системное мышление', '2024-03-31 09:10:25', '2024-03-31 09:10:25'),
(31, 'Самоконтроль', '2024-03-31 09:10:25', '2024-03-31 09:10:25'),
(32, 'Эффективное планирование и организация', '2024-03-31 09:10:25', '2024-03-31 09:10:25'),
(33, 'Постоянное развитие', '2024-03-31 09:10:25', '2024-03-31 09:10:25'),
(34, 'Креативное мышление', '2024-03-31 09:10:25', '2024-03-31 09:10:25'),
(35, 'Дружелюбие', '2024-03-31 09:10:25', '2024-03-31 09:10:25'),
(36, 'Профессионализм', '2024-03-31 09:10:25', '2024-03-31 09:10:25'),
(37, 'Тактичность', '2024-03-31 09:10:25', '2024-03-31 09:10:25'),
(38, 'Способность к анализу информации', '2024-03-31 09:10:25', '2024-03-31 09:10:25'),
(39, 'Активность', '2024-03-31 09:10:25', '2024-03-31 09:10:25'),
(40, 'Соблюдение дедлайнов', '2024-03-31 09:10:25', '2024-03-31 09:10:25'),
(41, 'Эффективное управление временем', '2024-03-31 09:10:25', '2024-03-31 09:10:25'),
(42, 'Умение мотивировать себя и других', '2024-03-31 09:10:25', '2024-03-31 09:10:25'),
(43, 'Способность к самообучению', '2024-03-31 09:10:25', '2024-03-31 09:10:25'),
(44, 'Позитивный настрой', '2024-03-31 09:10:25', '2024-03-31 09:10:25'),
(45, 'Умение работать с людьми', '2024-03-31 09:10:25', '2024-03-31 09:10:25'),
(46, 'Организационные навыки', '2024-03-31 09:10:25', '2024-03-31 09:10:25'),
(47, 'Умение принимать решения в условиях неопределенности', '2024-03-31 09:10:25', '2024-03-31 09:10:25'),
(48, 'Компетентность', '2024-03-31 09:10:25', '2024-03-31 09:10:25'),
(49, 'Ориентация на результат', '2024-03-31 09:10:25', '2024-03-31 09:10:25'),
(50, 'Умение договариваться', '2024-03-31 09:10:25', '2024-03-31 09:10:25'),
(51, 'Опыт работы в международной компании', '2024-03-31 09:10:25', '2024-03-31 09:10:25'),
(52, 'Опыт в руководстве коллективом', '2024-03-31 09:10:25', '2024-03-31 09:10:25'),
(53, 'Систематизация информации', '2024-03-31 09:10:25', '2024-03-31 09:10:25'),
(54, 'Проактивность', '2024-03-31 09:10:25', '2024-03-31 09:10:25'),
(55, 'Грамотность', '2024-03-31 09:10:25', '2024-03-31 09:10:25'),
(56, 'Внимательность к деталям', '2024-03-31 09:10:25', '2024-03-31 09:10:25'),
(57, 'Дисциплинированность', '2024-03-31 09:10:25', '2024-03-31 09:10:25'),
(58, 'Трудолюбие', '2024-03-31 09:10:25', '2024-03-31 09:10:25'),
(59, 'Концентрация внимания', '2024-03-31 09:10:25', '2024-03-31 09:10:25'),
(60, 'Готовность к обучению', '2024-03-31 09:10:25', '2024-03-31 09:10:25'),
(61, 'Аналитический склад ума', '2024-03-31 09:10:25', '2024-03-31 09:10:25'),
(62, 'Социальная адаптация', '2024-03-31 09:10:25', '2024-03-31 09:10:25'),
(63, 'Опыт работы с клиентами', '2024-03-31 09:10:25', '2024-03-31 09:10:25'),
(64, 'Внимательность', '2024-03-31 09:10:25', '2024-03-31 09:10:25'),
(65, 'Обучаемость', '2024-03-31 09:10:25', '2024-03-31 09:10:25'),
(66, 'Инициативность', '2024-03-31 09:10:25', '2024-03-31 09:10:25'),
(67, 'Самостоятельность', '2024-03-31 09:10:25', '2024-03-31 09:10:25'),
(68, 'Адекватная самооценка', '2024-03-31 09:10:25', '2024-03-31 09:10:25'),
(69, 'Аккуратность', '2024-03-31 09:10:25', '2024-03-31 09:10:25'),
(70, 'Оптимизм', '2024-03-31 09:10:25', '2024-03-31 09:10:25'),
(71, 'Самоорганизация', '2024-03-31 09:10:25', '2024-03-31 09:10:25'),
(72, 'Коммуникабельность', '2024-03-31 09:10:25', '2024-03-31 09:10:25'),
(73, 'Тактичность', '2024-03-31 09:10:25', '2024-03-31 09:10:25'),
(74, 'Терпеливость', '2024-03-31 09:10:25', '2024-03-31 09:10:25'),
(75, 'Пунктуальность', '2024-03-31 09:10:25', '2024-03-31 09:10:25'),
(76, 'Внимательность к деталям', '2024-03-31 09:10:25', '2024-03-31 09:10:25'),
(77, 'Внимательность к клиенту', '2024-03-31 09:10:25', '2024-03-31 09:10:25'),
(78, 'Внимательность к решению проблем', '2024-03-31 09:10:25', '2024-03-31 09:10:25'),
(79, 'Дружелюбие', '2024-03-31 09:10:25', '2024-03-31 09:10:25'),
(80, 'Порядочность', '2024-03-31 09:10:25', '2024-03-31 09:10:25'),
(81, 'Позитивный настрой', '2024-03-31 09:10:25', '2024-03-31 09:10:25'),
(82, 'Профессиональное развитие', '2024-03-31 09:10:25', '2024-03-31 09:10:25'),
(83, 'Владение иностранными языками', '2024-03-31 09:10:25', '2024-03-31 09:10:25'),
(84, 'Опыт работы в команде', '2024-03-31 09:10:25', '2024-03-31 09:10:25'),
(85, 'Самостоятельная разработка', '2024-03-31 09:10:25', '2024-03-31 09:10:25'),
(86, 'Организационные способности', '2024-03-31 09:10:25', '2024-03-31 09:10:25'),
(87, 'Креативное мышление', '2024-03-31 09:10:25', '2024-03-31 09:10:25'),
(88, 'Способность к саморазвитию', '2024-03-31 09:10:25', '2024-03-31 09:10:25'),
(89, 'Способность анализировать информацию', '2024-03-31 09:10:25', '2024-03-31 09:10:25'),
(90, 'Грамотность в устной и письменной речи', '2024-03-31 09:10:25', '2024-03-31 09:10:25'),
(91, 'Способность к решению проблем', '2024-03-31 09:10:25', '2024-03-31 09:10:25'),
(92, 'Творческие способности', '2024-03-31 09:10:25', '2024-03-31 09:10:25'),
(93, 'Организационное мышление', '2024-03-31 09:10:25', '2024-03-31 09:10:25'),
(94, 'Лидерские качества', '2024-03-31 09:10:25', '2024-03-31 09:10:25'),
(95, 'Позитивное мышление', '2024-03-31 09:10:25', '2024-03-31 09:10:25'),
(96, 'Внимательность к деталям', '2024-03-31 09:10:25', '2024-03-31 09:10:25'),
(97, 'Умение работать с большим объемом информации', '2024-03-31 09:10:25', '2024-03-31 09:10:25'),
(98, 'Умение анализировать рынок', '2024-03-31 09:10:25', '2024-03-31 09:10:25'),
(99, 'Умение привлекать клиентов', '2024-03-31 09:10:25', '2024-03-31 09:10:25'),
(100, 'Умение работать в команде разработчиков', '2024-03-31 09:10:25', '2024-03-31 09:10:25'),
(101, 'Владение языками программирования: Java', '2024-03-31 09:10:25', '2024-03-31 09:10:25'),
(102, 'Владение языками программирования: JavaScript', '2024-03-31 09:10:25', '2024-03-31 09:10:25'),
(103, 'Владение языками программирования: Python', '2024-03-31 09:10:25', '2024-03-31 09:10:25'),
(104, 'Владение языками программирования: C++', '2024-03-31 09:10:25', '2024-03-31 09:10:25'),
(105, 'Владение языками программирования: C#', '2024-03-31 09:10:25', '2024-03-31 09:10:25'),
(106, 'Владение языками программирования: Ruby', '2024-03-31 09:10:25', '2024-03-31 09:10:25'),
(107, 'Владение языками программирования: PHP', '2024-03-31 09:10:25', '2024-03-31 09:10:25'),
(108, 'Владение языками программирования: Swift', '2024-03-31 09:10:25', '2024-03-31 09:10:25'),
(109, 'Владение языками программирования: Kotlin', '2024-03-31 09:10:25', '2024-03-31 09:10:25'),
(110, 'Владение языками программирования: TypeScript', '2024-03-31 09:10:25', '2024-03-31 09:10:25'),
(111, 'Владение языками программирования: SQL', '2024-03-31 09:10:25', '2024-03-31 09:10:25'),
(112, 'Владение языками программирования: HTML/CSS', '2024-03-31 09:10:25', '2024-03-31 09:10:25'),
(113, 'Владение языками программирования: R', '2024-03-31 09:10:25', '2024-03-31 09:10:25'),
(114, 'Владение языками программирования: MATLAB', '2024-03-31 09:10:25', '2024-03-31 09:10:25'),
(115, 'Владение языками программирования: Go', '2024-03-31 09:10:25', '2024-03-31 09:10:25'),
(116, 'Владение языками программирования: Rust', '2024-03-31 09:10:25', '2024-03-31 09:10:25'),
(117, 'Владение языками программирования: Scala', '2024-03-31 09:10:25', '2024-03-31 09:10:25'),
(118, 'Владение языками программирования: Perl', '2024-03-31 09:10:25', '2024-03-31 09:10:25'),
(119, 'Владение языками программирования: Lua', '2024-03-31 09:10:25', '2024-03-31 09:10:25'),
(120, 'Владение языками программирования: Bash', '2024-03-31 09:10:25', '2024-03-31 09:10:25'),
(121, 'Владение языками программирования: Shell', '2024-03-31 09:10:25', '2024-03-31 09:10:25'),
(122, 'Владение языками программирования: Dart', '2024-03-31 09:10:25', '2024-03-31 09:10:25'),
(123, 'Владение языками программирования: Objective-C', '2024-03-31 09:10:25', '2024-03-31 09:10:25'),
(124, 'Владение языками программирования: Assembly', '2024-03-31 09:10:25', '2024-03-31 09:10:25'),
(125, 'Владение языками программирования: Visual Basic', '2024-03-31 09:10:25', '2024-03-31 09:10:25'),
(126, 'Владение языками программирования: Delphi', '2024-03-31 09:10:25', '2024-03-31 09:10:25'),
(127, 'Владение языками программирования: Cobol', '2024-03-31 09:10:25', '2024-03-31 09:10:25'),
(128, 'Владение языками программирования: Lisp', '2024-03-31 09:10:25', '2024-03-31 09:10:25'),
(129, 'Владение языками программирования: Prolog', '2024-03-31 09:10:25', '2024-03-31 09:10:25'),
(130, 'Владение языками программирования: Fortran', '2024-03-31 09:10:25', '2024-03-31 09:10:25'),
(131, 'Владение языками программирования: Pascal', '2024-03-31 09:10:25', '2024-03-31 09:10:25'),
(132, 'Владение языками программирования: Scala', '2024-03-31 09:10:25', '2024-03-31 09:10:25'),
(133, 'Владение языками программирования: VBScript', '2024-03-31 09:10:25', '2024-03-31 09:10:25'),
(134, 'Владение языками программирования: TypeScript', '2024-03-31 09:10:25', '2024-03-31 09:10:25'),
(135, 'Владение языками программирования: CoffeeScript', '2024-03-31 09:10:25', '2024-03-31 09:10:25'),
(136, 'Владение языками программирования: Perl', '2024-03-31 09:10:25', '2024-03-31 09:10:25'),
(137, 'Владение языками программирования: Shell', '2024-03-31 09:10:25', '2024-03-31 09:10:25'),
(138, 'Владение языками программирования: MATLAB', '2024-03-31 09:10:25', '2024-03-31 09:10:25'),
(139, 'Владение языками программирования: R', '2024-03-31 09:10:25', '2024-03-31 09:10:25'),
(140, 'Владение языками программирования: Swift', '2024-03-31 09:10:25', '2024-03-31 09:10:25'),
(141, 'Владение языками программирования: Kotlin', '2024-03-31 09:10:25', '2024-03-31 09:10:25');

-- --------------------------------------------------------

--
-- Структура таблицы `specializations`
--

CREATE TABLE `specializations` (
  `id` int NOT NULL,
  `name` varchar(100) DEFAULT NULL
) ENGINE=InnoDB DEFAULT CHARSET=utf8mb4 COLLATE=utf8mb4_0900_ai_ci;

--
-- Дамп данных таблицы `specializations`
--

INSERT INTO `specializations` (`id`, `name`) VALUES
(1, 'Автомобильный бизнес'),
(2, 'IT-индустрия'),
(3, 'Медицина'),
(4, 'Строительство'),
(5, 'Туризм и гостиничный бизнес'),
(6, 'Продажи и маркетинг'),
(7, 'Образование'),
(8, 'Логистика'),
(9, 'Финансы');

-- --------------------------------------------------------

--
-- Структура таблицы `subscriptions`
--

CREATE TABLE `subscriptions` (
  `id` int NOT NULL,
  `company_id` int NOT NULL,
  `level` enum('basic','premium') DEFAULT 'basic',
  `paid` tinyint(1) DEFAULT '0',
  `created_at` timestamp NULL DEFAULT CURRENT_TIMESTAMP,
  `updated_at` timestamp NULL DEFAULT CURRENT_TIMESTAMP ON UPDATE CURRENT_TIMESTAMP
) ENGINE=InnoDB DEFAULT CHARSET=utf8mb4 COLLATE=utf8mb4_0900_ai_ci;

-- --------------------------------------------------------

--
-- Структура таблицы `users`
--

CREATE TABLE `users` (
  `id` int NOT NULL,
  `first_name` varchar(50) DEFAULT NULL,
  `last_name` varchar(50) DEFAULT NULL,
  `gender` enum('Мужчина','Женщина') CHARACTER SET utf8mb4 COLLATE utf8mb4_0900_ai_ci DEFAULT NULL,
  `region_id` int DEFAULT NULL,
  `birth_date` date DEFAULT NULL,
  `phone` varchar(20) DEFAULT NULL,
  `email` varchar(100) DEFAULT NULL,
  `status` enum('Активно ищу работу','Рассматриваю предложения','Не ищу работу') CHARACTER SET utf8mb4 COLLATE utf8mb4_0900_ai_ci DEFAULT NULL,
  `password` varchar(255) DEFAULT NULL,
  `created_at` timestamp NOT NULL DEFAULT CURRENT_TIMESTAMP,
  `updated_at` timestamp NULL DEFAULT NULL ON UPDATE CURRENT_TIMESTAMP
) ENGINE=InnoDB DEFAULT CHARSET=utf8mb4 COLLATE=utf8mb4_0900_ai_ci;

--
-- Дамп данных таблицы `users`
--

INSERT INTO `users` (`id`, `first_name`, `last_name`, `gender`, `region_id`, `birth_date`, `phone`, `email`, `status`, `password`, `created_at`, `updated_at`) VALUES
(4, 'Андрей', 'Каплеев', 'Мужчина', 1, '2004-07-30', '+7 (995) 100-67-58', '4ekagobro@mail.ru', 'Активно ищу работу', '$2y$12$qiCLZu3sUseGCh/blVr3LuHlc6k/y8ck5e3xU0eSWobfHLpgVYtF6', '2024-04-24 08:48:46', '2024-04-24 11:08:14'),
(10, 'Виталий', 'Трубогибов', 'Мужчина', 2, '2001-01-01', '79951006758', 'vital@mail.ru', 'Активно ищу работу', '$2y$12$b9O/ATZWeF.PwqpK7VZtGuMQoeD0Usq.jiOHyxaP6Nf6MUIehPpd.', '2024-04-24 11:07:41', '2024-04-24 11:08:15'),
(11, 'Артем', 'Скруткин', 'Мужчина', 4, '2002-02-02', '+7 (999) 888-77-66', 'skr@mail.ru', 'Не ищу работу', '$2y$12$Mrz5rhU9zbYaVJVGVxTesuWZrTOrZqQhQ2oHEWdFMhAYhZBaXZLOy', '2024-04-24 11:09:44', '2024-04-27 08:49:08'),
(12, 'Константин', 'Пеле', 'Мужчина', 11, '1995-05-25', '+7 (995) 949-54-95', 'kostalakosta@mail.ru', 'Активно ищу работу', '$2y$12$Ksruf8X3.8Mb28uRAkjazu7rS9BIkAZzsgC9aO2jsq3NcES7lek4a', '2024-04-27 08:48:31', '2024-04-27 08:48:31'),
(13, 'Галина', 'Иванова', 'Женщина', 18, '1967-04-07', '+7 (921) 555-32-67', 'galya@mail.ru', 'Активно ищу работу', '$2y$12$wPEffEo4UlxLdvtzYHi4pe9sAsP1pL8.MmfJwzknmUTChNpfJmZ7.', '2024-04-27 09:15:21', '2024-05-05 17:02:17');

-- --------------------------------------------------------

--
-- Структура таблицы `work_experiences`
--

CREATE TABLE `work_experiences` (
  `id` int NOT NULL,
  `resume_id` int DEFAULT NULL,
  `start_date` date DEFAULT NULL,
  `end_date` date DEFAULT NULL,
  `company_name` varchar(255) DEFAULT NULL,
  `position` varchar(255) DEFAULT NULL,
  `description` text,
  `created_at` timestamp NULL DEFAULT CURRENT_TIMESTAMP,
  `updated_at` timestamp NULL DEFAULT CURRENT_TIMESTAMP ON UPDATE CURRENT_TIMESTAMP
) ENGINE=InnoDB DEFAULT CHARSET=utf8mb4 COLLATE=utf8mb4_0900_ai_ci;

--
-- Индексы сохранённых таблиц
--

--
-- Индексы таблицы `applicants`
--
ALTER TABLE `applicants`
  ADD PRIMARY KEY (`id`),
  ADD KEY `applicant_id` (`applicant_id`),
  ADD KEY `job_id` (`job_id`);

--
-- Индексы таблицы `commute_preferences`
--
ALTER TABLE `commute_preferences`
  ADD PRIMARY KEY (`id`),
  ADD KEY `idx_user_id_commute_preferences` (`user_id`);

--
-- Индексы таблицы `companies`
--
ALTER TABLE `companies`
  ADD PRIMARY KEY (`id`),
  ADD UNIQUE KEY `email` (`email`);

--
-- Индексы таблицы `counts`
--
ALTER TABLE `counts`
  ADD PRIMARY KEY (`id`);

--
-- Индексы таблицы `driving_experience`
--
ALTER TABLE `driving_experience`
  ADD PRIMARY KEY (`id`),
  ADD KEY `idx_user_id_driving_experience` (`user_id`);

--
-- Индексы таблицы `educations`
--
ALTER TABLE `educations`
  ADD PRIMARY KEY (`id`),
  ADD KEY `resume_id` (`resume_id`);

--
-- Индексы таблицы `employer_reviews`
--
ALTER TABLE `employer_reviews`
  ADD PRIMARY KEY (`id`),
  ADD KEY `employer_id` (`employer_id`),
  ADD KEY `applicant_id` (`applicant_id`);

--
-- Индексы таблицы `interview_invitations`
--
ALTER TABLE `interview_invitations`
  ADD PRIMARY KEY (`id`),
  ADD KEY `job_id` (`job_id`),
  ADD KEY `applicant_id` (`applicant_id`);

--
-- Индексы таблицы `jobs`
--
ALTER TABLE `jobs`
  ADD PRIMARY KEY (`id`),
  ADD KEY `company_id` (`company_id`),
  ADD KEY `specialization_id` (`specialization_id`),
  ADD KEY `profession_id` (`profession_id`),
  ADD KEY `fk_jobs_regions` (`region_id`);

--
-- Индексы таблицы `job_offers`
--
ALTER TABLE `job_offers`
  ADD PRIMARY KEY (`id`),
  ADD KEY `job_id` (`job_id`),
  ADD KEY `applicant_id` (`applicant_id`);

--
-- Индексы таблицы `job_recommendations`
--
ALTER TABLE `job_recommendations`
  ADD PRIMARY KEY (`id`),
  ADD KEY `job_id` (`job_id`),
  ADD KEY `applicant_id` (`applicant_id`);

--
-- Индексы таблицы `job_skills`
--
ALTER TABLE `job_skills`
  ADD PRIMARY KEY (`id`),
  ADD KEY `fk_job_skills_job_id` (`job_id`),
  ADD KEY `fk_job_skills_skill_id` (`skill_id`);

--
-- Индексы таблицы `languages`
--
ALTER TABLE `languages`
  ADD PRIMARY KEY (`id`);

--
-- Индексы таблицы `migrations`
--
ALTER TABLE `migrations`
  ADD PRIMARY KEY (`id`);

--
-- Индексы таблицы `personal_access_tokens`
--
ALTER TABLE `personal_access_tokens`
  ADD PRIMARY KEY (`id`),
  ADD UNIQUE KEY `personal_access_tokens_token_unique` (`token`),
  ADD KEY `personal_access_tokens_tokenable_type_tokenable_id_index` (`tokenable_type`,`tokenable_id`);

--
-- Индексы таблицы `professions`
--
ALTER TABLE `professions`
  ADD PRIMARY KEY (`id`);

--
-- Индексы таблицы `regions`
--
ALTER TABLE `regions`
  ADD PRIMARY KEY (`id`);

--
-- Индексы таблицы `responses`
--
ALTER TABLE `responses`
  ADD PRIMARY KEY (`id`),
  ADD KEY `user_id` (`user_id`),
  ADD KEY `job_id` (`job_id`),
  ADD KEY `resume_id` (`resume_id`);

--
-- Индексы таблицы `resumes`
--
ALTER TABLE `resumes`
  ADD PRIMARY KEY (`id`),
  ADD KEY `fk_profession_id` (`profession_id`),
  ADD KEY `idx_user_id_resumes` (`user_id`),
  ADD KEY `specialization_id` (`specialization_id`);

--
-- Индексы таблицы `resumes_skills`
--
ALTER TABLE `resumes_skills`
  ADD PRIMARY KEY (`id`),
  ADD KEY `resume_id` (`resume_id`),
  ADD KEY `skill_id` (`skill_id`);

--
-- Индексы таблицы `resume_languages`
--
ALTER TABLE `resume_languages`
  ADD PRIMARY KEY (`id`),
  ADD KEY `resume_id` (`resume_id`),
  ADD KEY `language_id` (`language_id`);

--
-- Индексы таблицы `reviews`
--
ALTER TABLE `reviews`
  ADD PRIMARY KEY (`id`),
  ADD KEY `company_id` (`company_id`);

--
-- Индексы таблицы `skills`
--
ALTER TABLE `skills`
  ADD PRIMARY KEY (`id`);

--
-- Индексы таблицы `specializations`
--
ALTER TABLE `specializations`
  ADD PRIMARY KEY (`id`);

--
-- Индексы таблицы `subscriptions`
--
ALTER TABLE `subscriptions`
  ADD PRIMARY KEY (`id`),
  ADD KEY `company_id` (`company_id`);

--
-- Индексы таблицы `users`
--
ALTER TABLE `users`
  ADD PRIMARY KEY (`id`),
  ADD UNIQUE KEY `uq_email` (`email`),
  ADD KEY `fk_region_id` (`region_id`);

--
-- Индексы таблицы `work_experiences`
--
ALTER TABLE `work_experiences`
  ADD PRIMARY KEY (`id`),
  ADD KEY `resume_id` (`resume_id`);

--
-- AUTO_INCREMENT для сохранённых таблиц
--

--
-- AUTO_INCREMENT для таблицы `applicants`
--
ALTER TABLE `applicants`
  MODIFY `id` int NOT NULL AUTO_INCREMENT;

--
-- AUTO_INCREMENT для таблицы `commute_preferences`
--
ALTER TABLE `commute_preferences`
  MODIFY `id` int NOT NULL AUTO_INCREMENT;

--
-- AUTO_INCREMENT для таблицы `companies`
--
ALTER TABLE `companies`
  MODIFY `id` int NOT NULL AUTO_INCREMENT, AUTO_INCREMENT=10;

--
-- AUTO_INCREMENT для таблицы `counts`
--
ALTER TABLE `counts`
  MODIFY `id` int NOT NULL AUTO_INCREMENT;

--
-- AUTO_INCREMENT для таблицы `driving_experience`
--
ALTER TABLE `driving_experience`
  MODIFY `id` int NOT NULL AUTO_INCREMENT;

--
-- AUTO_INCREMENT для таблицы `educations`
--
ALTER TABLE `educations`
  MODIFY `id` int NOT NULL AUTO_INCREMENT, AUTO_INCREMENT=17;

--
-- AUTO_INCREMENT для таблицы `employer_reviews`
--
ALTER TABLE `employer_reviews`
  MODIFY `id` int NOT NULL AUTO_INCREMENT;

--
-- AUTO_INCREMENT для таблицы `interview_invitations`
--
ALTER TABLE `interview_invitations`
  MODIFY `id` int NOT NULL AUTO_INCREMENT;

--
-- AUTO_INCREMENT для таблицы `jobs`
--
ALTER TABLE `jobs`
  MODIFY `id` int NOT NULL AUTO_INCREMENT, AUTO_INCREMENT=119;

--
-- AUTO_INCREMENT для таблицы `job_offers`
--
ALTER TABLE `job_offers`
  MODIFY `id` int NOT NULL AUTO_INCREMENT;

--
-- AUTO_INCREMENT для таблицы `job_recommendations`
--
ALTER TABLE `job_recommendations`
  MODIFY `id` int NOT NULL AUTO_INCREMENT;

--
-- AUTO_INCREMENT для таблицы `job_skills`
--
ALTER TABLE `job_skills`
  MODIFY `id` int NOT NULL AUTO_INCREMENT, AUTO_INCREMENT=39;

--
-- AUTO_INCREMENT для таблицы `languages`
--
ALTER TABLE `languages`
  MODIFY `id` int NOT NULL AUTO_INCREMENT, AUTO_INCREMENT=11;

--
-- AUTO_INCREMENT для таблицы `migrations`
--
ALTER TABLE `migrations`
  MODIFY `id` int UNSIGNED NOT NULL AUTO_INCREMENT, AUTO_INCREMENT=2;

--
-- AUTO_INCREMENT для таблицы `personal_access_tokens`
--
ALTER TABLE `personal_access_tokens`
  MODIFY `id` bigint UNSIGNED NOT NULL AUTO_INCREMENT;

--
-- AUTO_INCREMENT для таблицы `professions`
--
ALTER TABLE `professions`
  MODIFY `id` int NOT NULL AUTO_INCREMENT, AUTO_INCREMENT=27;

--
-- AUTO_INCREMENT для таблицы `regions`
--
ALTER TABLE `regions`
  MODIFY `id` int NOT NULL AUTO_INCREMENT, AUTO_INCREMENT=21;

--
-- AUTO_INCREMENT для таблицы `responses`
--
ALTER TABLE `responses`
  MODIFY `id` int NOT NULL AUTO_INCREMENT, AUTO_INCREMENT=6;

--
-- AUTO_INCREMENT для таблицы `resumes`
--
ALTER TABLE `resumes`
  MODIFY `id` int NOT NULL AUTO_INCREMENT, AUTO_INCREMENT=32;

--
-- AUTO_INCREMENT для таблицы `resumes_skills`
--
ALTER TABLE `resumes_skills`
  MODIFY `id` int NOT NULL AUTO_INCREMENT, AUTO_INCREMENT=49;

--
-- AUTO_INCREMENT для таблицы `resume_languages`
--
ALTER TABLE `resume_languages`
  MODIFY `id` int NOT NULL AUTO_INCREMENT, AUTO_INCREMENT=48;

--
-- AUTO_INCREMENT для таблицы `reviews`
--
ALTER TABLE `reviews`
  MODIFY `id` int NOT NULL AUTO_INCREMENT, AUTO_INCREMENT=6;

--
-- AUTO_INCREMENT для таблицы `skills`
--
ALTER TABLE `skills`
  MODIFY `id` int NOT NULL AUTO_INCREMENT, AUTO_INCREMENT=142;

--
-- AUTO_INCREMENT для таблицы `specializations`
--
ALTER TABLE `specializations`
  MODIFY `id` int NOT NULL AUTO_INCREMENT, AUTO_INCREMENT=10;

--
-- AUTO_INCREMENT для таблицы `subscriptions`
--
ALTER TABLE `subscriptions`
  MODIFY `id` int NOT NULL AUTO_INCREMENT;

--
-- AUTO_INCREMENT для таблицы `users`
--
ALTER TABLE `users`
  MODIFY `id` int NOT NULL AUTO_INCREMENT, AUTO_INCREMENT=14;

--
-- AUTO_INCREMENT для таблицы `work_experiences`
--
ALTER TABLE `work_experiences`
  MODIFY `id` int NOT NULL AUTO_INCREMENT, AUTO_INCREMENT=18;

--
-- Ограничения внешнего ключа сохраненных таблиц
--

--
-- Ограничения внешнего ключа таблицы `applicants`
--
ALTER TABLE `applicants`
  ADD CONSTRAINT `applicants_ibfk_1` FOREIGN KEY (`applicant_id`) REFERENCES `users` (`id`),
  ADD CONSTRAINT `fk_applicants_jobs` FOREIGN KEY (`job_id`) REFERENCES `jobs` (`id`);

--
-- Ограничения внешнего ключа таблицы `commute_preferences`
--
ALTER TABLE `commute_preferences`
  ADD CONSTRAINT `fk_user_id_commute_preferences` FOREIGN KEY (`user_id`) REFERENCES `users` (`id`);

--
-- Ограничения внешнего ключа таблицы `driving_experience`
--
ALTER TABLE `driving_experience`
  ADD CONSTRAINT `fk_user_id_driving_experience` FOREIGN KEY (`user_id`) REFERENCES `users` (`id`);

--
-- Ограничения внешнего ключа таблицы `educations`
--
ALTER TABLE `educations`
  ADD CONSTRAINT `educations_ibfk_1` FOREIGN KEY (`resume_id`) REFERENCES `resumes` (`id`) ON DELETE CASCADE;

--
-- Ограничения внешнего ключа таблицы `employer_reviews`
--
ALTER TABLE `employer_reviews`
  ADD CONSTRAINT `employer_reviews_ibfk_1` FOREIGN KEY (`employer_id`) REFERENCES `companies` (`id`),
  ADD CONSTRAINT `employer_reviews_ibfk_2` FOREIGN KEY (`applicant_id`) REFERENCES `users` (`id`);

--
-- Ограничения внешнего ключа таблицы `interview_invitations`
--
ALTER TABLE `interview_invitations`
  ADD CONSTRAINT `fk_interview_invitations_jobs` FOREIGN KEY (`job_id`) REFERENCES `jobs` (`id`),
  ADD CONSTRAINT `interview_invitations_ibfk_2` FOREIGN KEY (`applicant_id`) REFERENCES `users` (`id`);

--
-- Ограничения внешнего ключа таблицы `jobs`
--
ALTER TABLE `jobs`
  ADD CONSTRAINT `fk_jobs_regions` FOREIGN KEY (`region_id`) REFERENCES `regions` (`id`),
  ADD CONSTRAINT `jobs_ibfk_1` FOREIGN KEY (`company_id`) REFERENCES `companies` (`id`),
  ADD CONSTRAINT `jobs_ibfk_2` FOREIGN KEY (`specialization_id`) REFERENCES `specializations` (`id`),
  ADD CONSTRAINT `jobs_ibfk_3` FOREIGN KEY (`profession_id`) REFERENCES `professions` (`id`);

--
-- Ограничения внешнего ключа таблицы `job_offers`
--
ALTER TABLE `job_offers`
  ADD CONSTRAINT `fk_job_offers_jobs` FOREIGN KEY (`job_id`) REFERENCES `jobs` (`id`),
  ADD CONSTRAINT `job_offers_ibfk_2` FOREIGN KEY (`applicant_id`) REFERENCES `users` (`id`);

--
-- Ограничения внешнего ключа таблицы `job_recommendations`
--
ALTER TABLE `job_recommendations`
  ADD CONSTRAINT `fk_job_recommendations_jobs` FOREIGN KEY (`job_id`) REFERENCES `jobs` (`id`),
  ADD CONSTRAINT `job_recommendations_ibfk_2` FOREIGN KEY (`applicant_id`) REFERENCES `users` (`id`);

--
-- Ограничения внешнего ключа таблицы `job_skills`
--
ALTER TABLE `job_skills`
  ADD CONSTRAINT `fk_job_skills_job_id` FOREIGN KEY (`job_id`) REFERENCES `jobs` (`id`) ON DELETE CASCADE,
  ADD CONSTRAINT `fk_job_skills_skill_id` FOREIGN KEY (`skill_id`) REFERENCES `skills` (`id`) ON DELETE CASCADE,
  ADD CONSTRAINT `job_skills_ibfk_1` FOREIGN KEY (`job_id`) REFERENCES `jobs` (`id`) ON DELETE CASCADE,
  ADD CONSTRAINT `job_skills_ibfk_2` FOREIGN KEY (`skill_id`) REFERENCES `skills` (`id`) ON DELETE CASCADE;

--
-- Ограничения внешнего ключа таблицы `responses`
--
ALTER TABLE `responses`
  ADD CONSTRAINT `responses_ibfk_1` FOREIGN KEY (`user_id`) REFERENCES `users` (`id`),
  ADD CONSTRAINT `responses_ibfk_2` FOREIGN KEY (`job_id`) REFERENCES `jobs` (`id`),
  ADD CONSTRAINT `responses_ibfk_3` FOREIGN KEY (`resume_id`) REFERENCES `resumes` (`id`);

--
-- Ограничения внешнего ключа таблицы `resumes`
--
ALTER TABLE `resumes`
  ADD CONSTRAINT `fk_profession_id` FOREIGN KEY (`profession_id`) REFERENCES `professions` (`id`),
  ADD CONSTRAINT `fk_user_id_resumes` FOREIGN KEY (`user_id`) REFERENCES `users` (`id`),
  ADD CONSTRAINT `resumes_ibfk_1` FOREIGN KEY (`specialization_id`) REFERENCES `specializations` (`id`),
  ADD CONSTRAINT `resumes_ibfk_2` FOREIGN KEY (`user_id`) REFERENCES `users` (`id`),
  ADD CONSTRAINT `resumes_ibfk_3` FOREIGN KEY (`profession_id`) REFERENCES `professions` (`id`),
  ADD CONSTRAINT `user_id` FOREIGN KEY (`user_id`) REFERENCES `users` (`id`);

--
-- Ограничения внешнего ключа таблицы `resumes_skills`
--
ALTER TABLE `resumes_skills`
  ADD CONSTRAINT `resumes_skills_ibfk_1` FOREIGN KEY (`resume_id`) REFERENCES `resumes` (`id`),
  ADD CONSTRAINT `resumes_skills_ibfk_2` FOREIGN KEY (`skill_id`) REFERENCES `skills` (`id`);

--
-- Ограничения внешнего ключа таблицы `resume_languages`
--
ALTER TABLE `resume_languages`
  ADD CONSTRAINT `resume_languages_ibfk_1` FOREIGN KEY (`resume_id`) REFERENCES `resumes` (`id`),
  ADD CONSTRAINT `resume_languages_ibfk_2` FOREIGN KEY (`language_id`) REFERENCES `languages` (`id`);

--
-- Ограничения внешнего ключа таблицы `reviews`
--
ALTER TABLE `reviews`
  ADD CONSTRAINT `reviews_ibfk_1` FOREIGN KEY (`company_id`) REFERENCES `companies` (`id`) ON DELETE CASCADE;

--
-- Ограничения внешнего ключа таблицы `subscriptions`
--
ALTER TABLE `subscriptions`
  ADD CONSTRAINT `subscriptions_ibfk_1` FOREIGN KEY (`company_id`) REFERENCES `companies` (`id`) ON DELETE CASCADE;

--
-- Ограничения внешнего ключа таблицы `users`
--
ALTER TABLE `users`
  ADD CONSTRAINT `fk_region_id` FOREIGN KEY (`region_id`) REFERENCES `regions` (`id`) ON DELETE SET NULL;

--
-- Ограничения внешнего ключа таблицы `work_experiences`
--
ALTER TABLE `work_experiences`
  ADD CONSTRAINT `work_experiences_ibfk_1` FOREIGN KEY (`resume_id`) REFERENCES `resumes` (`id`) ON DELETE CASCADE;
COMMIT;

/*!40101 SET CHARACTER_SET_CLIENT=@OLD_CHARACTER_SET_CLIENT */;
/*!40101 SET CHARACTER_SET_RESULTS=@OLD_CHARACTER_SET_RESULTS */;
/*!40101 SET COLLATION_CONNECTION=@OLD_COLLATION_CONNECTION */;
